trait;cs_id;cs_size;variant;rsid;p;odds;p_ht;odds_ht;OR;most_severe;gene_most_severe
NRCL_HT;chr1:9236809-12236809_2;65;1:11836799:C:A;rs55892892;6.1e-14;0.95;1.8e-40;0.89;1.07;intron_variant;CLCN6
NRCL_HT;chr10:100964893-105516297_2;108;10:102868477:T:C;rs7098825;8.9e-09;0.97;9.1e-20;0.93;1.04;non_coding_transcript_exon_variant;RF00026
NRCL_HT;chr2:25188641-28188641_1;9;2:26688641:A:C;rs1275984;9.7e-28;0.96;4.6e-55;0.92;1.04;upstream_gene_variant;KCNK3
NRCL_HT;chr12:113618062-116618062_1;7;12:115118062:A:G;rs35429;1.8e-18;0.97;3.1e-19;0.95;1.01;intergenic_variant;
NRCL_HT;chr7:149493088-152493088_2;69;7:150367061:C:T;rs11768108;4.1e-08;0.98;1.6e-09;0.97;1.01;intron_variant;AC005586.1
NRCL_HT;chr10:16725632-19725632_1;25;10:18225632:T:C;rs1779209;8.5e-10;0.98;3.3e-09;0.97;1.01;intron_variant;CACNB2
NRCL_HT;chr19:356555-3356555_1;28;19:1856555:C:G;;3.3e-08;1.02;0.0058;1.01;1.01;intron_variant;KLF16
NRCL_HT;chr19:9685948-12685948_1;12;19:11185948:T:C;rs66536924;3.1e-08;0.98;6.2e-07;0.97;1;intron_variant;KANK2
NRCL_HT;chr9:124052115-127052115_1;67;9:125552115:T:C;rs521119;3.8e-08;1.02;0.0024;1.02;1;intron_variant;MAPKAP1
NRCL_HT;chr13:30119281-33119281_1;66;13:31619281:T:C;rs11616310;6.1e-11;1.02;2.6e-05;1.02;1;intergenic_variant;
NRCL_HT;chr15:83637301-86637301_1;32;15:85137301:C:A;rs3743157;2.9e-08;1.03;8.2e-05;1.03;1;intron_variant;PDE8A
NRCL_HT;chr12:51558093-54558093_2;9;12:53054953:G:T;;4.5e-05;0.98;0.0023;0.98;1;intron_variant;TNS2
NRCL_HT;chr8:141428349-144428349_1;97;8:142928349:C:T;rs36176772;1.5e-13;0.97;5.7e-08;0.97;1;intergenic_variant;
NRCL_HT;chr5:147015142-150015142_1;30;5:148515142:G:A;rs13154725;4.1e-16;1.03;1.5e-10;1.03;1;intron_variant;HTR4
NRCL_HT;chr17:27373104-30373104_1;21;17:28873104:C:T;rs9897840;2.3e-09;0.98;9.9e-05;0.98;1;TF_binding_site_variant;
NRCL_HT;chr1:111001706-114001706_2;70;1:112541524:G:A;rs3790612;2.1e-22;0.96;2.1e-11;0.96;1;intron_variant;ST7L
NRCL_HT;chr18:49773937-52773937_1;5;18:51273937:C:A;rs8090393;2.6e-08;1.02;8.6e-07;1.03;1;intergenic_variant;
NRCL_HT;chr20:4864542-7864542_1;43;20:6364542:G:GT;;4.5e-10;1.02;1.2e-08;1.03;0.99;intergenic_variant;
NRCL_HT;chr23:42479788-45479788_1;18;23:43979788:T:G;rs5906346;1.1e-10;1.02;9.3e-10;1.03;0.99;intergenic_variant;
NRCL_HT;chr11:64284647-67284647_1;70;11:65784647:G:A;rs948494;2.1e-08;1.02;8.4e-08;1.03;0.99;upstream_gene_variant;OVOL1
NRCL_HT;chr4:145846464-148846464_1;29;4:147506351:A:C;rs78049276;3.9e-09;1.03;1.4e-08;1.04;0.99;non_coding_transcript_exon_variant;GTF2F2P1
NRCL_HT;chr3:26021497-29021497_1;1;3:27521497:C:T;rs2643826;3.7e-25;1.04;1.4e-22;1.05;0.99;upstream_gene_variant;AC137675.1
NRCL_HT;chr15:87536144-90536144_1;49;15:89036144:A:G;rs75791528;1.2e-08;0.97;0.063;0.99;0.99;downstream_gene_variant;AC013565.2
NRCL_HT;chr11:365986-3365986_1;3;11:1865986:T:C;rs612652;8.5e-31;1.04;4.1e-31;1.06;0.98;intron_variant;LSP1
NRCL_HT;chr15:79207660-82207660_1;25;15:80707660:A:C;rs923000;6.1e-12;1.03;2.5e-18;1.05;0.98;intron_variant;ABHD17C
NRCL_HT;chr6:41794966-44794966_1;19;6:43294966:A:T;rs16896398;8.7e-12;1.03;7.9e-18;1.05;0.98;upstream_gene_variant;SLC22A7
NRCL_HT;chr7:25702740-28702740_2;10;7:27279420:G:A;rs28451436;1.7e-20;1.05;1.1e-22;1.07;0.98;intergenic_variant;
NRCL_HT;chr22:27268637-30268637_1;22;22:28768637:T:A;rs200761661;6.7e-09;1.03;1.7e-15;1.05;0.98;upstream_gene_variant;CCDC117
NRCL_HT;chr5:127055665-130055665_1;44;5:128555665:T:C;rs4373322;6.8e-18;1.04;2.5e-26;1.06;0.98;intron_variant;FBN2
NRCL_HT;chr7:105269006-108269006_1;9;7:106769006:G:A;rs17398575;3.2e-09;1.02;6.5e-19;1.05;0.98;intron_variant;AC004917.1
NRCL_HT;chr12:55327025-58327025_1;25;12:56827025:G:GGT;;7.7e-10;0.96;0.054;0.98;0.97;intron_variant;AC121758.1
NRCL_HT;chr19:43408684-46408684_1;1;19:44908684:T:C;rs429358;4.7e-20;0.96;0.007;0.98;0.97;missense_variant;APOE
NRCL_HT;chr1:9236809-12236809_1;1;1:10736809:T:C;rs880315;4.8e-28;1.04;2.5e-45;1.07;0.97;intron_variant;CASZ1
NRCL_HT;chr12:46360570-49360570_1;3;12:47860570:T:A;rs117913411;2.4e-08;1.04;4.9e-14;1.08;0.97;intron_variant;VDR
NRCL_HT;chr10:100964893-105516297_1;79;10:103939849:T:C;rs75263779;5.8e-12;1.06;2.9e-16;1.1;0.96;intergenic_variant;
NRCL_HT;chr1:111001706-114001706_1;4;1:112501706:G:T;rs10776752;2.1e-40;1.07;4.4e-61;1.12;0.96;intron_variant;WNT2B
NRCL_HT;chr7:25702740-28702740_1;18;7:27202740:A:C;rs1859168;6e-36;1.08;2.7e-48;1.14;0.96;non_coding_transcript_exon_variant;HOTTIP
NRCL_HT;chr7:149493088-152493088_1;1;7:150993088:C:T;rs3918226;1.6e-12;1.05;1.8e-60;1.17;0.89;intron_variant;NOS3
NRCL_HT;chr12:51558093-54558093_1;5;12:53058093:C:T;rs151036307;5e-09;1.08;7.9e-39;1.26;0.85;synonymous_variant;TNS2
